status,reason,compound_id,smiles
failed,conformer_generation,4,Cc1ncsc1-c1ccc([C@H](C)NC(=O)[C@@H]2C[C@@H](O)CN2C(=O)[C@@H](NC(=O)CCCCC(=O)N2CCN(CC[C@H](CSc3ccccc3)Nc3ccc(S(=O)(=O)NC(=O)c4ccc(N5CCN(CC6=C(c7ccc(Cl)cc7)CCC(C)(C)C6)CC5)cc4)cc3S(=O)(=O)C(F)(F)F)CC2)C(C)(C)C)cc1
failed,conformer_generation,5,Cc1ncsc1-c1ccc([C@H](C)NC(=O)[C@@H]2C[C@@H](O)CN2C(=O)[C@@H](NC(=O)CCCCCC(=O)N2CCN(CC[C@H](CSc3ccccc3)Nc3ccc(S(=O)(=O)NC(=O)c4ccc(N5CCN(CC6=C(c7ccc(Cl)cc7)CCC(C)(C)C6)CC5)cc4)cc3S(=O)(=O)C(F)(F)F)CC2)C(C)(C)C)cc1
failed,conformer_generation,6,Cc1ncsc1-c1ccc([C@H](C)NC(=O)[C@@H]2C[C@@H](O)CN2C(=O)[C@@H](NC(=O)CCCCCCC(=O)N2CCN(CC[C@H](CSc3ccccc3)Nc3ccc(S(=O)(=O)NC(=O)c4ccc(N5CCN(CC6=C(c7ccc(Cl)cc7)CCC(C)(C)C6)CC5)cc4)cc3S(=O)(=O)C(F)(F)F)CC2)C(C)(C)C)cc1
failed,conformer_generation,9,Cc1ncsc1-c1ccc([C@H](C)NC(=O)[C@@H]2C[C@@H](O)CN2C(=O)[C@@H](NC(=O)CCCCCCN2CCN(CC[C@H](CSc3ccccc3)Nc3ccc(S(=O)(=O)NC(=O)c4ccc(N5CCN(CC6=C(c7ccc(Cl)cc7)CCC(C)(C)C6)CC5)cc4)cc3S(=O)(=O)C(F)(F)F)CC2)C(C)(C)C)cc1
failed,conformer_generation,10,Cc1ncsc1-c1ccc([C@H](C)NC(=O)[C@@H]2C[C@@H](O)CN2C(=O)[C@@H](NC(=O)CCCCCCCN2CCN(CC[C@H](CSc3ccccc3)Nc3ccc(S(=O)(=O)NC(=O)c4ccc(N5CCN(CC6=C(c7ccc(Cl)cc7)CCC(C)(C)C6)CC5)cc4)cc3S(=O)(=O)C(F)(F)F)CC2)C(C)(C)C)cc1
failed,conformer_generation,12,Cc1ncsc1-c1ccc([C@H](C)NC(=O)[C@@H]2C[C@@H](O)CN2C(=O)[C@@H](NC(=O)COCCOCC(=O)N2CCN(CC[C@H](CSc3ccccc3)Nc3ccc(S(=O)(=O)NC(=O)c4ccc(N5CCN(CC6=C(c7ccc(Cl)cc7)CCC(C)(C)C6)CC5)cc4)cc3S(=O)(=O)C(F)(F)F)CC2)C(C)(C)C)cc1
failed,conformer_generation,15,Cc1ncsc1-c1ccc([C@H](C)NC(=O)[C@@H]2C[C@@H](O)CN2C(=O)[C@@H](NC(=O)COCCOCCN2CCN(CC[C@H](CSc3ccccc3)Nc3ccc(S(=O)(=O)NC(=O)c4ccc(N5CCN(CC6=C(c7ccc(Cl)cc7)CCC(C)(C)C6)CC5)cc4)cc3S(=O)(=O)C(F)(F)F)CC2)C(C)(C)C)cc1
failed,conformer_generation,20,Cc1ncsc1-c1ccc([C@H](C)NC(=O)[C@@H]2C[C@@H](O)CN2C(=O)[C@@H](NC(=O)CCCCCCCN(C)CC[C@H](CSc2ccccc2)Nc2ccc(S(=O)(=O)NC(=O)c3ccc(N4CCN(CC5=C(c6ccc(Cl)cc6)CCC(C)(C)C5)CC4)cc3)cc2S(=O)(=O)C(F)(F)F)C(C)(C)C)cc1
failed,conformer_generation,21,Cc1ncsc1-c1ccc([C@H](C)NC(=O)[C@@H]2C[C@@H](O)CN2C(=O)[C@@H](NC(=O)CCCCCCCCN(C)CC[C@H](CSc2ccccc2)Nc2ccc(S(=O)(=O)NC(=O)c3ccc(N4CCN(CC5=C(c6ccc(Cl)cc6)CCC(C)(C)C5)CC4)cc3)cc2S(=O)(=O)C(F)(F)F)C(C)(C)C)cc1
failed,conformer_generation,24,Cc1ncsc1-c1ccc([C@H](C)NC(=O)[C@@H]2C[C@@H](O)CN2C(=O)[C@@H](NC(=O)COCCOCCOCCN(C)CC[C@H](CSc2ccccc2)Nc2ccc(S(=O)(=O)NC(=O)c3ccc(N4CCN(CC5=C(c6ccc(Cl)cc6)CCC(C)(C)C5)CC4)cc3)cc2S(=O)(=O)C(F)(F)F)C(C)(C)C)cc1
failed,conformer_generation,35,CC1(C)CCC(c2ccc(Cl)cc2)=C(CN2CCN(c3ccc(C(=O)NS(=O)(=O)c4ccc(N[C@@H](CCN5CCN(C(=O)COCCOCCOCCNc6cccc7c6C(=O)N(C6CCC(=O)NC6=O)C7=O)CC5)CSc5ccccc5)c(S(=O)(=O)C(F)(F)F)c4)cc3)CC2)C1
failed,conformer_generation,36,CC1(C)CCC(c2ccc(Cl)cc2)=C(CN2CCN(c3ccc(C(=O)NS(=O)(=O)c4ccc(N[C@@H](CCN5CCN(C(=O)COCCOCCOCCOCCNc6cccc7c6C(=O)N(C6CCC(=O)NC6=O)C7=O)CC5)CSc5ccccc5)c(S(=O)(=O)C(F)(F)F)c4)cc3)CC2)C1
failed,conformer_generation,38,CC1(C)CCC(c2ccc(Cl)cc2)=C(CN2CCN(c3ccc(C(=O)NS(=O)(=O)c4ccc(N[C@@H](CCN5CCN(C(=S)NCCOCCOCCNc6cccc7c6C(=O)N(C6CCC(=O)NC6=O)C7=O)CC5)CSc5ccccc5)c(S(=O)(=O)C(F)(F)F)c4)cc3)CC2)C1
failed,conformer_generation,41,CC1(C)CCC(c2ccc(Cl)cc2)=C(CN2CCN(c3ccc(C(=O)NS(=O)(=O)c4ccc(N[C@@H](CCN5CCN(CCOCCOCCOCCNc6cccc7c6C(=O)N(C6CCC(=O)NC6=O)C7=O)CC5)CSc5ccccc5)c(S(=O)(=O)C(F)(F)F)c4)cc3)CC2)C1
failed,conformer_generation,43,CN(CC[C@@H](CSc1ccccc1)Nc1ccc(S(=O)(=O)NC(=O)c2ccc(N3CCN(CC4=C(c5ccc(Cl)cc5)CCC(C)(C)C4)CC3)cc2)cc1S(=O)(=O)C(F)(F)F)C(=O)CCCn1cc(COCCOCCOCCNc2cccc3c2C(=O)N(C2CCC(=O)NC2=O)C3=O)nn1
failed,conformer_generation,44,CN(CC[C@@H](CSc1ccccc1)Nc1ccc(S(=O)(=O)NC(=O)c2ccc(N3CCN(CC4=C(c5ccc(Cl)cc5)CCC(C)(C)C4)CC3)cc2)cc1S(=O)(=O)C(F)(F)F)C(=O)CCCCCCn1cc(COCCOCCNc2cccc3c2C(=O)N(C2CCC(=O)NC2=O)C3=O)nn1
failed,conformer_generation,47,CN(CCCCCCCn1cc(COCCOCCOCCNc2cccc3c2C(=O)N(C2CCC(=O)NC2=O)C3=O)nn1)CC[C@@H](CSc1ccccc1)Nc1ccc(S(=O)(=O)NC(=O)c2ccc(N3CCN(CC4=C(c5ccc(Cl)cc5)CCC(C)(C)C4)CC3)cc2)cc1S(=O)(=O)C(F)(F)F
failed,conformer_generation,104,CC[C@H](C)[C@H](N)c1cn([C@@H](Cc2ccc(O)cc2)C(=O)N2CCN(c3nc(NCCOCCOCCOCc4cn(CCOCCOCCOCCOCCOCCNC(=O)CN5CCN(C(=O)N6C(c7ccc(OC)cc7OC(C)C)=N[C@@H](c7ccc(Cl)cc7)[C@H]6c6ccc(Cl)cc6)CC5=O)nn4)nc(N4CCN(C(=O)[C@H](Cc5ccc(O)cc5)n5cc([C@@H](N)[C@@H](C)CC)nn5)CC4)n3)CC2)nn1
failed,conformer_generation,105,CC[C@H](C)[C@H](N)c1cn([C@@H](Cc2ccc(O)cc2)C(=O)N2CCN(c3nc(NCCOCCOCCOCc4cn(CCCCCC(=O)Nc5cccc6c5C(=O)N(C5CCC(=O)NC5=O)C6=O)nn4)nc(N4CCN(C(=O)[C@H](Cc5ccc(O)cc5)n5cc([C@@H](N)[C@@H](C)CC)nn5)CC4)n3)CC2)nn1
failed,conformer_generation,133,CN[C@H](C)C(=O)N[C@@H](C(=O)N1C[C@H](NC(=O)COCCOCCOCCOCCOCCOCCN2CCN(CCCOc3ccc(-c4cnc5cccc(-c6cc(F)c(CN7CCS(=O)(=O)CC7)c(F)c6)c5n4)cc3OC)CC2)C[C@@H]1C(=O)N[C@@H]1CCCc2ccccc21)C1CCCCC1
failed,conformer_generation,134,COc1cc(-c2cnc3cccc(-c4cc(F)c(CN5CCS(=O)(=O)CC5)c(F)c4)c3n2)ccc1OCCCN1CCN(CCOCCOCCOCCOCCOCCOCC(=O)N[C@@H](C(=O)N2C[C@@H](O)C[C@@H]2C(=O)NCc2ccc(-c3scnc3C)cc2)C(C)(C)C)CC1
failed,conformer_generation,171,Cc1ncsc1-c1ccc(CNC(=O)[C@@H]2C[C@@H](O)CN2C(=O)[C@@H](NC(=O)COCCOCCOCCOCCOCCOc2ccc(Nc3ncc(Br)c(NCCCN(C)C(=O)C4CCC4)n3)cc2)C(C)(C)C)cc1
failed,conformer_generation,172,Cc1ncsc1-c1ccc(CNC(=O)[C@@H]2C[C@@H](O)CN2C(=O)[C@@H](NC(=O)COCCOCCCCOCCCCOCCOc2ccc(Nc3ncc(Br)c(NCCCN(C)C(=O)C4CCC4)n3)cc2)C(C)(C)C)cc1
failed,conformer_generation,175,Cc1ncsc1-c1ccc(CNC(=O)[C@@H]2C[C@@H](O)CN2C(=O)[C@@H](NC(=O)COCCOCCCCOCCCCOCCOCCOc2ccc(Nc3ncc(Br)c(NCCCN(C)C(=O)C4CCC4)n3)cc2)C(C)(C)C)cc1
failed,conformer_generation,176,Cc1ncsc1-c1ccc(CNC(=O)[C@@H]2C[C@@H](O)CN2C(=O)[C@@H](NC(=O)COCCCCCOCCCCOCCCCOCCCCOCCCCCOc2ccc(Nc3ncc(Br)c(NCCCN(C)C(=O)C4CCC4)n3)cc2)C(C)(C)C)cc1
failed,conformer_generation,209,Cc1ccc(NC(=O)c2ccc(CN3CCN(CCCCCCOCCOCCOCCOCCOCCOCC(=O)N[C@H](C(=O)N4C[C@H](O)C[C@H]4C(=O)NCc4ccc(-c5scnc5C)cc4)C(C)(C)C)CC3)cc2)cc1Nc1nccc(-c2cccnc2)n1
failed,conformer_generation,224,Cc1nc(Nc2ncc(C(=O)Nc3c(C)cccc3Cl)s2)cc(N2CCN(CCCCCCOCCOCCOCCOCCOCCOCC(=O)N[C@H](C(=O)N3C[C@H](O)C[C@H]3C(=O)NCc3ccc(-c4scnc4C)cc3)C(C)(C)C)CC2)n1
failed,conformer_generation,251,Cc1nn(C)c(COc2ccc(N3CCN(S(=O)(=O)N(C)C)CC3)cc2)c1-c1cccc2c(CCCOc3cccc4ccccc34)c(C(=O)O)n(CCN3CCN(C(=O)COc4cccc5c4C(=O)N(C4CCC(=O)NC4=O)C5=O)CC3)c12
failed,conformer_generation,252,Cc1nn(C)c(COc2ccc(N3CCN(S(=O)(=O)N(C)C)CC3)cc2)c1-c1cccc2c(CCCOc3cccc4ccccc34)c(C(=O)NCCCCNC(=O)COc3cccc4c3C(=O)N(C3CCC(=O)NC3=O)C4=O)n(CCN3CCOCC3)c12
failed,conformer_generation,410,C=CC(=O)N[C@@H](CCC(=O)OCCOCCOCCOCCOCC(=O)Nc1cccc2c1C(=O)N(C1CCC(=O)NC1=O)C2=O)C(=O)Nc1cccc(Nc2ncc(NC(=O)c3cc(NC(=O)c4cccc(C)c4)ccc3C)cn2)c1
failed,conformer_generation,1116,CN[C@@H](C)C(=O)N[C@@H](C(=O)N1CCC[C@H]1c1nc(C(=O)c2cccc(OCCOCCOCc3cn(CCCC(=O)N4CCN(CC[C@H](CSc5ccccc5)Nc5ccc(S(=O)(=O)NC(=O)c6ccc(N7CCN(CC8=C(c9ccc(Cl)cc9)CCC(C)(C)C8)CC7)cc6)cc5S(=O)(=O)C(F)(F)F)CC4)nn3)c2)cs1)C1CCCCC1
failed,conformer_generation,1117,CN[C@@H](C)C(=O)N[C@@H](C(=O)N1CCC[C@H]1c1nc(C(=O)c2cccc(OCCOCCOCCOCc3cn(CCCC(=O)N4CCN(CC[C@H](CSc5ccccc5)Nc5ccc(S(=O)(=O)NC(=O)c6ccc(N7CCN(CC8=C(c9ccc(Cl)cc9)CCC(C)(C)C8)CC7)cc6)cc5S(=O)(=O)C(F)(F)F)CC4)nn3)c2)cs1)C1CCCCC1
failed,conformer_generation,1119,CN[C@@H](C)C(=O)N[C@@H](C(=O)N1CCC[C@H]1c1nc(C(=O)c2cccc(OCCOCCOCC(=O)N3CCN(CC[C@H](CSc4ccccc4)Nc4ccc(S(=O)(=O)NC(=O)c5ccc(N6CCN(CC7=C(c8ccc(Cl)cc8)CCC(C)(C)C7)CC6)cc5)cc4S(=O)(=O)C(F)(F)F)CC3)c2)cs1)C1CCCCC1
failed,conformer_generation,1120,CN[C@@H](C)C(=O)N[C@@H](C(=O)N1CCC[C@H]1c1nc(C(=O)c2cccc(OCCOCCOCCOCCOCC(=O)N3CCN(CC[C@H](CSc4ccccc4)Nc4ccc(S(=O)(=O)NC(=O)c5ccc(N6CCN(CC7=C(c8ccc(Cl)cc8)CCC(C)(C)C7)CC6)cc5)cc4S(=O)(=O)C(F)(F)F)CC3)c2)cs1)C1CCCCC1
failed,conformer_generation,1121,CN[C@@H](C)C(=O)N[C@@H](C(=O)N1CCC[C@H]1c1nc(C(=O)c2cccc(OCCCC(=O)N3CCN(CC[C@H](CSc4ccccc4)Nc4ccc(S(=O)(=O)NC(=O)c5ccc(N6CCN(CC7=C(c8ccc(Cl)cc8)CCC(C)(C)C7)CC6)cc5)cc4S(=O)(=O)C(F)(F)F)CC3)c2)cs1)C1CCCCC1
failed,conformer_generation,1122,CN[C@@H](C)C(=O)N[C@@H](C(=O)N1CCC[C@H]1c1nc(C(=O)c2cccc(OCCCCC(=O)N3CCN(CC[C@H](CSc4ccccc4)Nc4ccc(S(=O)(=O)NC(=O)c5ccc(N6CCN(CC7=C(c8ccc(Cl)cc8)CCC(C)(C)C7)CC6)cc5)cc4S(=O)(=O)C(F)(F)F)CC3)c2)cs1)C1CCCCC1
failed,conformer_generation,1123,CN[C@@H](C)C(=O)N[C@@H](C(=O)N1CCC[C@H]1c1nc(C(=O)c2cccc(OCCCCCC(=O)N3CCN(CC[C@H](CSc4ccccc4)Nc4ccc(S(=O)(=O)NC(=O)c5ccc(N6CCN(CC7=C(c8ccc(Cl)cc8)CCC(C)(C)C7)CC6)cc5)cc4S(=O)(=O)C(F)(F)F)CC3)c2)cs1)C1CCCCC1
failed,conformer_generation,1124,CN[C@@H](C)C(=O)N[C@@H](C(=O)N1CCC[C@H]1c1nc(C(=O)c2cccc(OCCCCCCC(=O)N3CCN(CC[C@H](CSc4ccccc4)Nc4ccc(S(=O)(=O)NC(=O)c5ccc(N6CCN(CC7=C(c8ccc(Cl)cc8)CCC(C)(C)C7)CC6)cc5)cc4S(=O)(=O)C(F)(F)F)CC3)c2)cs1)C1CCCCC1
failed,conformer_generation,1125,CN[C@H](C)C(=O)N[C@@H]1CCO[C@@H]2CC(C)(C)[C@H](C(=O)N[C@@H]3CCCc4cc(OCCOCCOCc5cn(CCCC(=O)N6CCN(CC[C@H](CSc7ccccc7)Nc7ccc(S(=O)(=O)NC(=O)c8ccc(N9CCN(CC%10=C(c%11ccc(Cl)cc%11)CCC(C)(C)C%10)CC9)cc8)cc7S(=O)(=O)C(F)(F)F)CC6)nn5)ccc43)N2C1=O
failed,conformer_generation,1126,CN[C@H](C)C(=O)N[C@@H]1CCO[C@@H]2CC(C)(C)[C@H](C(=O)N[C@@H]3CCCc4cc(OCCOCCOCCOCc5cn(CCCC(=O)N6CCN(CC[C@H](CSc7ccccc7)Nc7ccc(S(=O)(=O)NC(=O)c8ccc(N9CCN(CC%10=C(c%11ccc(Cl)cc%11)CCC(C)(C)C%10)CC9)cc8)cc7S(=O)(=O)C(F)(F)F)CC6)nn5)ccc43)N2C1=O
failed,conformer_generation,1127,CN[C@H](C)C(=O)N[C@@H]1CCO[C@@H]2CC(C)(C)[C@H](C(=O)N[C@@H]3CCCc4cc(OCCOCCOCC(=O)N5CCN(CC[C@H](CSc6ccccc6)Nc6ccc(S(=O)(=O)NC(=O)c7ccc(N8CCN(CC9=C(c%10ccc(Cl)cc%10)CCC(C)(C)C9)CC8)cc7)cc6S(=O)(=O)C(F)(F)F)CC5)ccc43)N2C1=O
failed,conformer_generation,1128,CN[C@H](C)C(=O)N[C@@H]1CCO[C@@H]2CC(C)(C)[C@H](C(=O)N[C@@H]3CCCc4cc(OCCCOCCOCCOCCOCC(=O)N5CCN(CC[C@H](CSc6ccccc6)Nc6ccc(S(=O)(=O)NC(=O)c7ccc(N8CCN(CC9=C(c%10ccc(Cl)cc%10)CCC(C)(C)C9)CC8)cc7)cc6S(=O)(=O)C(F)(F)F)CC5)ccc43)N2C1=O
failed,conformer_generation,1129,CN[C@H](C)C(=O)N[C@@H]1CCO[C@@H]2CC(C)(C)[C@H](C(=O)N[C@@H]3CCCc4cc(OCCCC(=O)N5CCN(CC[C@H](CSc6ccccc6)Nc6ccc(S(=O)(=O)NC(=O)c7ccc(N8CCN(CC9=C(c%10ccc(Cl)cc%10)CCC(C)(C)C9)CC8)cc7)cc6S(=O)(=O)C(F)(F)F)CC5)ccc43)N2C1=O
failed,conformer_generation,1130,CN[C@H](C)C(=O)N[C@@H]1CCO[C@@H]2CC(C)(C)[C@H](C(=O)N[C@@H]3CCCc4cc(OCCCCC(=O)N5CCN(CC[C@H](CSc6ccccc6)Nc6ccc(S(=O)(=O)NC(=O)c7ccc(N8CCN(CC9=C(c%10ccc(Cl)cc%10)CCC(C)(C)C9)CC8)cc7)cc6S(=O)(=O)C(F)(F)F)CC5)ccc43)N2C1=O
failed,conformer_generation,1131,CN[C@H](C)C(=O)N[C@@H]1CCO[C@@H]2CC(C)(C)[C@H](C(=O)N[C@@H]3CCCc4cc(OCCCCCC(=O)N5CCN(CC[C@H](CSc6ccccc6)Nc6ccc(S(=O)(=O)NC(=O)c7ccc(N8CCN(CC9=C(c%10ccc(Cl)cc%10)CCC(C)(C)C9)CC8)cc7)cc6S(=O)(=O)C(F)(F)F)CC5)ccc43)N2C1=O
failed,conformer_generation,1132,CN[C@H](C)C(=O)N[C@@H]1CCO[C@@H]2CC(C)(C)[C@H](C(=O)N[C@@H]3CCCc4cc(OCCCCCCC(=O)N5CCN(CC[C@H](CSc6ccccc6)Nc6ccc(S(=O)(=O)NC(=O)c7ccc(N8CCN(CC9=C(c%10ccc(Cl)cc%10)CCC(C)(C)C9)CC8)cc7)cc6S(=O)(=O)C(F)(F)F)CC5)ccc43)N2C1=O
failed,conformer_generation,479,NC(=O)CC[C@H](NC(=O)[C@@H]1CC[C@@H]2CCN(C(=O)CCCCCCCCC#Cc3cccc4c3CN(C3CCC(=O)NC3=O)C4=O)C[C@H](NC(=O)c3cc4cc(C(F)(F)P(=O)(O)O)ccc4[nH]3)C(=O)N21)C(=O)NC(c1ccccc1)c1ccccc1
failed,conformer_generation,481,NC(=O)CC[C@H](NC(=O)[C@@H]1CC[C@@H]2CCN(C(=O)OCCCCC#Cc3cccc4c3CN(C3CCC(=O)NC3=O)C4=O)C[C@H](NC(=O)c3cc4cc(C(F)(F)P(=O)(O)O)ccc4[nH]3)C(=O)N21)C(=O)NC(c1ccccc1)c1ccccc1
failed,conformer_generation,482,NC(=O)CC[C@H](NC(=O)[C@@H]1CC[C@@H]2CCN(C(=O)NCCCCC#Cc3cccc4c3CN(C3CCC(=O)NC3=O)C4=O)C[C@H](NC(=O)c3cc4cc(C(F)(F)P(=O)(O)O)ccc4[nH]3)C(=O)N21)C(=O)NC(c1ccccc1)c1ccccc1
failed,conformer_generation,483,NC(=O)CC[C@H](NC(=O)[C@@H]1CC[C@@H]2CCN(C(=O)c3cnn(CCCC#Cc4cccc5c4CN(C4CCC(=O)NC4=O)C5=O)c3)C[C@H](NC(=O)c3cc4cc(C(F)(F)P(=O)(O)O)ccc4[nH]3)C(=O)N21)C(=O)NC(c1ccccc1)c1ccccc1
failed,conformer_generation,484,NC(=O)CC[C@H](NC(=O)[C@@H]1CC[C@@H]2CCN(C(=O)CCCn3cc(C#Cc4cccc5c4CN(C4CCC(=O)NC4=O)C5=O)cn3)C[C@H](NC(=O)c3cc4cc(C(F)(F)P(=O)(O)O)ccc4[nH]3)C(=O)N21)C(=O)NC(c1ccccc1)c1ccccc1
failed,conformer_generation,485,NC(=O)CC[C@H](NC(=O)[C@@H]1CC[C@@H]2CCN(C(=O)N3CCC(CCC#Cc4cccc5c4CN(C4CCC(=O)NC4=O)C5=O)CC3)C[C@H](NC(=O)c3cc4cc(C(F)(F)P(=O)(O)O)ccc4[nH]3)C(=O)N21)C(=O)NC(c1ccccc1)c1ccccc1
failed,conformer_generation,486,NC(=O)CC[C@H](NC(=O)[C@@H]1CC[C@@H]2CCN(C(=O)CCN3CCC(C#Cc4cccc5c4CN(C4CCC(=O)NC4=O)C5=O)CC3)C[C@H](NC(=O)c3cc4cc(C(F)(F)P(=O)(O)O)ccc4[nH]3)C(=O)N21)C(=O)NC(c1ccccc1)c1ccccc1
failed,conformer_generation,487,NC(=O)CC[C@H](NC(=O)[C@@H]1CC[C@@H]2CCN(C(=O)CC(=O)N3CCC(C#Cc4cccc5c4CN(C4CCC(=O)NC4=O)C5=O)CC3)C[C@H](NC(=O)c3cc4cc(C(F)(F)P(=O)(O)O)ccc4[nH]3)C(=O)N21)C(=O)NC(c1ccccc1)c1ccccc1
failed,conformer_generation,490,NC(=O)CC[C@H](NC(=O)[C@@H]1CC[C@@H]2CCN(C(=O)CCCCCC#Cc3cccc4c3C(=O)N(C3CCC(=O)NC3=O)C4=O)C[C@H](NC(=O)c3cc4cc(C(F)(F)P(=O)(O)O)ccc4[nH]3)C(=O)N21)C(=O)NC(c1ccccc1)c1ccccc1
failed,conformer_generation,491,NC(=O)CC[C@H](NC(=O)[C@@H]1CC[C@@H]2CCN(C(=O)CCCCCC#Cc3ccc4c(c3)CN(C3CCC(=O)NC3=O)C4=O)C[C@H](NC(=O)c3cc4cc(C(F)(F)P(=O)(O)O)ccc4[nH]3)C(=O)N21)C(=O)NC(c1ccccc1)c1ccccc1
failed,conformer_generation,492,NC(=O)CC[C@H](NC(=O)[C@@H]1CC[C@@H]2CCN(C(=O)CCCCCC#Cc3ccc4c(c3)C(=O)N(C3CCC(=O)NC3=O)C4)C[C@H](NC(=O)c3cc4cc(C(F)(F)P(=O)(O)O)ccc4[nH]3)C(=O)N21)C(=O)NC(c1ccccc1)c1ccccc1
failed,conformer_generation,495,NC(=O)CC[C@H](NC(=O)[C@@H]1CC[C@@H]2CCN(C(=O)CCCCCC#Cc3cccc4c3CN(C3CCC(=O)NC3=O)C4=O)C[C@H](NC(=O)c3cc4cc(OP(=O)(O)O)ccc4[nH]3)C(=O)N21)C(=O)NC(c1ccccc1)c1ccccc1
failed,conformer_generation,496,NC(=O)CC[C@H](NC(=O)[C@@H]1CC[C@@H]2CCN(C(=O)CCCCCC#Cc3cccc4c3CN(C3CCC(=O)NC3=O)C4=O)C[C@H](NC(=O)c3cc4cc(CP(=O)(O)O)ccc4[nH]3)C(=O)N21)C(=O)NC(c1ccccc1)c1ccccc1
failed,conformer_generation,497,C/C(=C\C(=O)N[C@H]1CN(C(=O)CCCCCC#Cc2cccc3c2CN(C2CCC(=O)NC2=O)C3=O)CC[C@H]2CC[C@@H](C(=O)N[C@@H](CCC(N)=O)C(=O)NC(c3ccccc3)c3ccccc3)N2C1=O)c1ccc(C(F)(F)P(=O)(O)O)cc1
failed,conformer_generation,657,CC1(C)CCC(c2ccc(Cl)cc2)=C(CN2CCN(c3ccc(C(=O)NS(=O)(=O)c4ccc(N[C@H](CCN5CCN(CCOCCOCCOCCNc6cccc7c6C(=O)N(C6CCC(=O)NC6=O)C7=O)CC5)CSc5ccccc5)c(S(=O)(=O)C(F)(F)F)c4)cc3)CC2)C1
failed,conformer_generation,662,CN(CCCCCCCn1cc(COCCOCCNc2cccc3c2C(=O)N(C2CCC(=O)NC2=O)C3=O)nn1)CC[C@H](CSc1ccccc1)Nc1ccc(S(=O)(=O)NC(=O)c2ccc(N3CCN(CC4=C(c5ccc(Cl)cc5)CCC(C)(C)C4)CC3)cc2)cc1S(=O)(=O)C(F)(F)F
failed,conformer_generation,975,CO[C@H]1C[C@@H]2CC[C@@H](C)[C@@](O)(O2)C(=O)C(=O)N2CCCC[C@H]2C(=O)O[C@H]([C@H](C)C[C@@H]2CC[C@@H](OCCOCc3cn(CCOCCOCCNc4cccc5c4C(=O)N(C4CCC(=O)NC4=O)C5=O)nn3)[C@H](OC)C2)CC(=O)[C@H](C)/C=C(\C)[C@@H](O)[C@@H](OC)C(=O)[C@H](C)C[C@H](C)/C=C/C=C/C=C/1C
failed,conformer_generation,1360,CC1(C)CCC(c2ccc(Cl)cc2)=C(CN2CCN(c3ccc(C(=O)NS(=O)(=O)c4ccc(N[C@H](CCN5CCN(C(=O)CCCn6cc(COCCOCCNc7cccc8c7C(=O)N(C7CCC(=O)NC7=O)C8=O)nn6)CC5)CSc5ccccc5)c(S(=O)(=O)C(F)(F)F)c4)cc3)CC2)C1
failed,conformer_generation,1649,Cc1ncsc1-c1ccc(CNC(=O)[C@@H]2C[C@@H](O)CN2C(=O)[C@@H](NC(=O)CCOCCOCCOCCOCCOCCOCC#Cc2ccc(OCCCc3sc(N4CCc5cccc(C(=O)Nc6nc7ccccc7s6)c5C4)nc3C(=O)O)cc2)C(C)(C)C)cc1
failed,conformer_generation,1844,COC(=O)C1=CC[C@@]23CC[C@H]([C@@](C)(/C=C/C=C(\C)C(=O)Oc4cccc5c4C(=O)N(C4CCC(=O)NC4=O)C5=O)OC2=O)[C@@]3(OC(C)=O)CC1
failed,conformer_generation,1845,COC(=O)C1=CC[C@@]23CC[C@H]([C@@](C)(/C=C/C=C(\C)C(=O)OCOc4cccc5c4C(=O)N(C4CCC(=O)NC4=O)C5=O)OC2=O)[C@@]3(OC(C)=O)CC1
failed,conformer_generation,1846,COC(=O)C1=CC[C@@]23CC[C@H]([C@@](C)(/C=C/C=C(\C)C(=O)OCCOc4cccc5c4C(=O)N(C4CCC(=O)NC4=O)C5=O)OC2=O)[C@@]3(OC(C)=O)CC1
failed,conformer_generation,1847,COC(=O)C1=CC[C@@]23CC[C@H]([C@@](C)(/C=C/C=C(\C)C(=O)OCCCOc4cccc5c4C(=O)N(C4CCC(=O)NC4=O)C5=O)OC2=O)[C@@]3(OC(C)=O)CC1
failed,conformer_generation,1848,COC(=O)C1=CC[C@@]23CC[C@H]([C@@](C)(/C=C/C=C(\C)C(=O)OCCCCCOc4cccc5c4C(=O)N(C4CCC(=O)NC4=O)C5=O)OC2=O)[C@@]3(OC(C)=O)CC1
failed,conformer_generation,1849,COC(=O)C1=CC[C@@]23CC[C@H]([C@@](C)(/C=C/C=C(\C)C(=O)OCCCCCCCOc4cccc5c4C(=O)N(C4CCC(=O)NC4=O)C5=O)OC2=O)[C@@]3(OC(C)=O)CC1
failed,conformer_generation,1850,COC(=O)C1=CC[C@@]23CC[C@H]([C@@](C)(/C=C/C=C(\C)C(=O)OCCOCCOCCOc4cccc5c4C(=O)N(C4CCC(=O)NC4=O)C5=O)OC2=O)[C@@]3(OC(C)=O)CC1
failed,conformer_generation,1851,COC(=O)C1=CC[C@@]23CC[C@H]([C@@](C)(/C=C/C=C(\C)C(=O)OCCOCCOCCOCCOc4cccc5c4C(=O)N(C4CCC(=O)NC4=O)C5=O)OC2=O)[C@@]3(OC(C)=O)CC1
failed,conformer_generation,1852,COC(=O)C1=CC[C@@]23CC[C@H]([C@@](C)(/C=C/C=C(\C)C(=O)NCCNc4cccc5c4C(=O)N(C4CCC(=O)NC4=O)C5=O)OC2=O)[C@@]3(OC(C)=O)CC1
failed,conformer_generation,1853,COC(=O)C1=CC[C@@]23CC[C@H]([C@@](C)(/C=C/C=C(\C)C(=O)NCCCNc4cccc5c4C(=O)N(C4CCC(=O)NC4=O)C5=O)OC2=O)[C@@]3(OC(C)=O)CC1
failed,conformer_generation,1854,COC(=O)C1=CC[C@@]23CC[C@H]([C@@](C)(/C=C/C=C(\C)C(=O)NCCCCNc4cccc5c4C(=O)N(C4CCC(=O)NC4=O)C5=O)OC2=O)[C@@]3(OC(C)=O)CC1
failed,conformer_generation,1855,COC(=O)C1=CC[C@@]23CC[C@H]([C@@](C)(/C=C/C=C(\C)C(=O)NCCCCCCNc4cccc5c4C(=O)N(C4CCC(=O)NC4=O)C5=O)OC2=O)[C@@]3(OC(C)=O)CC1
failed,conformer_generation,1856,COC(=O)C1=CC[C@@]23CC[C@H]([C@@](C)(/C=C/C=C(\C)C(=O)N4CCN(c5cccc6c5C(=O)N(C5CCC(=O)NC5=O)C6=O)CC4)OC2=O)[C@@]3(OC(C)=O)CC1
failed,conformer_generation,1857,COC(=O)C1=CC[C@@]23CC[C@H]([C@@](C)(/C=C/C=C(\C)C(=O)NC4CCN(c5cccc6c5C(=O)N(C5CCC(=O)NC5=O)C6=O)CC4)OC2=O)[C@@]3(OC(C)=O)CC1
failed,conformer_generation,1858,COC(=O)C1=CC[C@@]23CC[C@H]([C@@](C)(/C=C/C=C(\C)C(=O)N4CCC(Nc5cccc6c5C(=O)N(C5CCC(=O)NC5=O)C6=O)CC4)OC2=O)[C@@]3(OC(C)=O)CC1
failed,conformer_generation,2385,Cc1ncsc1-c1ccc([C@H](C)NC(=O)[C@@H]2C[C@@H](O)CN2C(=O)[C@@H](NC(=O)CCCCCCCCC(=O)NCC2(C)CCC(c3ccc(Cl)cc3)=C(CN3CCN(c4ccc(C(=O)NS(=O)(=O)c5ccc(N[C@H](CCN6CCOCC6)CSc6ccccc6)c(S(=O)(=O)C(F)(F)F)c5)cc4)CC3)C2)C(C)(C)C)cc1
failed,conformer_generation,2389,Cc1ncsc1-c1ccc([C@H](C)NC(=O)[C@@H]2C[C@@H](O)CN2C(=O)[C@@H](NC(=O)CCCCCCCCC(=O)NC[C@@]2(C)CCC(c3ccc(Cl)cc3)=C(CN3CCN(c4ccc(C(=O)NS(=O)(=O)c5ccc(N[C@H](CCN6CCOCC6)CSc6ccccc6)c(S(=O)(=O)C(F)(F)F)c5)cc4)CC3)C2)C(C)(C)C)cc1
failed,conformer_generation,2390,Cc1ncsc1-c1ccc([C@H](C)NC(=O)[C@@H]2C[C@@H](O)CN2C(=O)[C@@H](NC(=O)CCCCCCCCC(=O)NC[C@]2(C)CCC(c3ccc(Cl)cc3)=C(CN3CCN(c4ccc(C(=O)NS(=O)(=O)c5ccc(N[C@H](CCN6CCOCC6)CSc6ccccc6)c(S(=O)(=O)C(F)(F)F)c5)cc4)CC3)C2)C(C)(C)C)cc1
failed,conformer_generation,3213,Cc1ncsc1-c1ccc([C@H](C)NC(=O)[C@@H]2C[C@@H](O)CN2C(=O)[C@@H](NC(=O)CCCC(=O)N2CCN(CC3(C)CCC(c4ccc(Cl)cc4)=C(CN4CCN(c5ccc(C(=O)NS(=O)(=O)c6ccc(N[C@H](CCN7CCOCC7)CSc7ccccc7)c(S(=O)(=O)C(F)(F)F)c6)cc5)CC4)C3)CC2)C(C)(C)C)cc1
failed,conformer_generation,3215,Cc1ncsc1-c1ccc([C@H](C)NC(=O)[C@@H]2C[C@@H](O)CN2C(=O)[C@@H](NC(=O)CCCCCC(=O)N2CCN(CC3(C)CCC(c4ccc(Cl)cc4)=C(CN4CCN(c5ccc(C(=O)NS(=O)(=O)c6ccc(N[C@H](CCN7CCOCC7)CSc7ccccc7)c(S(=O)(=O)C(F)(F)F)c6)cc5)CC4)C3)CC2)C(C)(C)C)cc1
failed,conformer_generation,3216,Cc1ncsc1-c1ccc([C@H](C)NC(=O)[C@@H]2C[C@@H](O)CN2C(=O)[C@@H](NC(=O)CCCCCCC(=O)N2CCN(CC3(C)CCC(c4ccc(Cl)cc4)=C(CN4CCN(c5ccc(C(=O)NS(=O)(=O)c6ccc(N[C@H](CCN7CCOCC7)CSc7ccccc7)c(S(=O)(=O)C(F)(F)F)c6)cc5)CC4)C3)CC2)C(C)(C)C)cc1
failed,conformer_generation,3217,Cc1ncsc1-c1ccc([C@H](C)NC(=O)[C@@H]2C[C@@H](O)CN2C(=O)[C@@H](NC(=O)CCCCCCCC(=O)N2CCN(CC3(C)CCC(c4ccc(Cl)cc4)=C(CN4CCN(c5ccc(C(=O)NS(=O)(=O)c6ccc(N[C@H](CCN7CCOCC7)CSc7ccccc7)c(S(=O)(=O)C(F)(F)F)c6)cc5)CC4)C3)CC2)C(C)(C)C)cc1
failed,conformer_generation,3218,Cc1ncsc1-c1ccc([C@H](C)NC(=O)[C@@H]2C[C@@H](O)CN2C(=O)[C@@H](NC(=O)CCCCCCCCC(=O)N2CCN(CC3(C)CCC(c4ccc(Cl)cc4)=C(CN4CCN(c5ccc(C(=O)NS(=O)(=O)c6ccc(N[C@H](CCN7CCOCC7)CSc7ccccc7)c(S(=O)(=O)C(F)(F)F)c6)cc5)CC4)C3)CC2)C(C)(C)C)cc1
failed,conformer_generation,3219,Cc1ncsc1-c1ccc([C@H](C)NC(=O)[C@@H]2C[C@@H](O)CN2C(=O)[C@@H](NC(=O)CCCCCCCCCC(=O)N2CCN(CC3(C)CCC(c4ccc(Cl)cc4)=C(CN4CCN(c5ccc(C(=O)NS(=O)(=O)c6ccc(N[C@H](CCN7CCOCC7)CSc7ccccc7)c(S(=O)(=O)C(F)(F)F)c6)cc5)CC4)C3)CC2)C(C)(C)C)cc1
failed,conformer_generation,3221,Cc1ncsc1-c1ccc([C@H](C)NC(=O)[C@@H]2C[C@@H](O)CN2C(=O)[C@@H](NC(=O)CCCCCCC(=O)N2CCN(C[C@]3(C)CCC(c4ccc(Cl)cc4)=C(CN4CCN(c5ccc(C(=O)NS(=O)(=O)c6ccc(N[C@H](CCN7CCOCC7)CSc7ccccc7)c(S(=O)(=O)C(F)(F)F)c6)cc5)CC4)C3)CC2)C(C)(C)C)cc1
failed,conformer_generation,3319,CNCCN1CCC(c2cc(CN(C)C(=O)c3cccc(Oc4ccc(OCC(=O)N5CCC(CN6CCC(CN7CCN(CC(=O)N[C@H](C(=O)N8C[C@H](O)C[C@H]8C(=O)N[C@@H](C)c8ccc(-c9scnc9C)cc8)C(C)(C)C)CC7)CC6)CC5)cc4)c3)ccn2)CC1
failed,conformer_generation,3322,CNCCN1CCC(c2cc(CN(C)C(=O)c3cccc(Oc4ccc(CCC(=O)N5CCC(CN6CCC(CN7CCN(CC(=O)N[C@H](C(=O)N8C[C@H](O)C[C@H]8C(=O)N[C@@H](C)c8ccc(-c9scnc9C)cc8)C(C)(C)C)CC7)CC6)CC5)cc4)c3)ccn2)CC1
failed,conformer_generation,3499,C[C@@H]1CCC2[C@@H](C)[C@@H](OCCN(CCO[C@H]3O[C@@H]4O[C@@]5(C)CCC6[C@H](C)CCC([C@H]3C)[C@]64OO5)C(=O)CCCCCCCNc3cccc4c3C(=O)N(C3CCC(=O)NC3=O)C4=O)O[C@@H]3O[C@@]4(C)CCC1[C@@]23OO4
failed,conformer_generation,3941,CCn1nc(C)cc1C(=O)Nc1nc2cc(C(=O)NCCOCCC(=O)N[C@@H](C(=O)N3C[C@H](O)C[C@H]3C(=O)NCc3ccc(-c4scnc4C)cc3)C(C)(C)C)cc(OC)c2n1C/C=C/Cn1c(NC(=O)c2cc(C)nn2CC)nc2cc(C(N)=O)cc(OCCCN3CCOCC3)c21
failed,conformer_generation,3942,CCn1nc(C)cc1C(=O)Nc1nc2cc(C(=O)NCCCOCCC(=O)N[C@@H](C(=O)N3C[C@H](O)C[C@H]3C(=O)NCc3ccc(-c4scnc4C)cc3)C(C)(C)C)cc(OC)c2n1C/C=C/Cn1c(NC(=O)c2cc(C)nn2CC)nc2cc(C(N)=O)cc(OCCCN3CCOCC3)c21
failed,conformer_generation,3945,CCn1nc(C)cc1C(=O)Nc1nc2cc(C(=O)NCCOCCOCCOCCOCCC(=O)N[C@@H](C(=O)N3C[C@H](O)C[C@H]3C(=O)NCc3ccc(-c4scnc4C)cc3)C(C)(C)C)cc(OC)c2n1C/C=C/Cn1c(NC(=O)c2cc(C)nn2CC)nc2cc(C(N)=O)cc(OCCCN3CCOCC3)c21
failed,conformer_generation,3947,CCn1nc(C)cc1C(=O)Nc1nc2cc(C(=O)NCCCCCCCCC(=O)N[C@@H](C(=O)N3C[C@H](O)C[C@H]3C(=O)NCc3ccc(-c4scnc4C)cc3)C(C)(C)C)cc(OC)c2n1C/C=C/Cn1c(NC(=O)c2cc(C)nn2CC)nc2cc(C(N)=O)cc(OCCCN3CCOCC3)c21
failed,conformer_generation,4171,COc1cc(CC(=O)N[C@@H](Cc2ccccc2)C(=O)N[C@@H](Cc2ccc(C(F)(F)P(=O)(O)O)cc2)C(=O)N[C@@H](CCCCNC(=O)c2ccc(C)c(Br)c2)C(=O)NCc2cccc(CC(=O)N[C@H](C(=O)N3C[C@H](O)C[C@H]3C(=O)N[C@@H](C)c3ccc(-c4scnc4C)cc3)C(C)(C)C)c2)ccc1O
failed,conformer_generation,5005,Cc1ccc(NC(=O)Cn2cc(-c3ccc4c(NC(=O)c5ccc(NC(=O)CCCCC(=O)N6CCN(CCCCCCC(=O)N[C@H](C(=O)N7C[C@H](O)C[C@H]7C(=O)NCc7ccc(-c8scnc8C)cc7)C(C)(C)C)CC6)cc5)n[nH]c4c3)cn2)cc1C(F)(F)F
failed,conformer_generation,5908,CCc1ccc(C(=O)NCCCC[C@H](NC(=O)[C@H](Cc2ccc(C(F)(F)P(=O)(O)O)cc2)NC(=O)[C@H](Cc2ccccc2)NC(=O)CO[C@H]2C[C@@H](C)CC[C@@H]2C(C)C)C(=O)NCCOCCC(=O)Nc2cccc3c2CN(C2CCC(=O)NC2=O)C3=O)cc1
failed,conformer_generation,5958,C[C@@H](OP(=O)(O)O)[C@@H]1NC(=O)[C@H](Cc2cncn2CCCCCCCCc2ccccc2)NC(=O)[C@@H](NC(=O)CCCCCNC(=O)[C@H](CCCNC(=N)N)NC(=O)[C@H](CCCNC(=N)N)NC(=O)[C@H](CCCNC(=N)N)NC(=O)[C@H](CCCNC(=N)N)NC(=O)[C@H](CCCNC(=N)N)NC(=O)[C@H](CCCNC(=N)N)NC(=O)[C@H](CCCNC(=N)N)NC(=O)[C@H](CCCNC(=N)N)NC(=O)[C@H](CCCNC(=N)N)NC(=O)[C@H](CCCNC(=N)N)NC(=O)[C@H](CCCNC(=N)N)NC(=O)[C@@H](N)CCCNC(=N)N)CCC(=O)NCCCC[C@@H](C(N)=O)NC1=O
